{
  "settings": {
    "analysis": {
      "analyzer": {
        "esindexer_path": {
          "tokenizer": "esindexer_path"
        }
      },
      "tokenizer": {
        "esindexer_path": {
          "type": "path_hierarchy"
        }
      }
    }
  },
  "mappings": {
    "doc": {
      "properties" : {
        "real" : {
          "type" : "keyword",
          "store" : true
        },
        "root" : {
          "type" : "keyword",
          "store" : true
        },
        "virtual" : {
          "type" : "keyword",
          "store" : true
        }
      }
    }
  }
}
