{
  "settings": {
    "index.mapping.total_fields.limit": 2000,
    "analysis": {
      "analyzer": {
        "esindexer_path": {
          "tokenizer": "esindexer_path"
        }
      },
      "tokenizer": {
        "esindexer_path": {
          "type": "path_hierarchy"
        }
      }
    }
  },
  "mappings": {
    "doc": {
      "properties" : {
        "attachment" : {
          "type" : "binary",
          "doc_values": false
        },
        "attributes" : {
          "properties" : {
            "group" : {
              "type" : "keyword"
            },
            "owner" : {
              "type" : "keyword"
            }
          }
        },
        "content" : {
          "type" : "text"
        },
        "file" : {
          "properties" : {
            "content_type" : {
              "type" : "keyword"
            },
            "filename" : {
              "type" : "keyword",
              "store" : true
            },
            "extension" : {
              "type" : "keyword"
            },
            "filesize" : {
              "type" : "long"
            },
            "indexed_chars" : {
              "type" : "long"
            },
            "indexing_date" : {
              "type" : "date",
              "format" : "dateOptionalTime"
            },
            "last_modified" : {
              "type" : "date",
              "format" : "dateOptionalTime"
            },
            "checksum": {
              "type": "keyword"
            },
            "url" : {
              "type" : "keyword",
              "index" : false
            }
          }
        },
        "meta" : {
          "properties" : {
            "author" : {
              "type" : "text"
            },
            "date" : {
              "type" : "date",
              "format" : "dateOptionalTime"
            },
            "keywords" : {
              "type" : "text"
            },
            "title" : {
              "type" : "text"
            },
            "language" : {
              "type" : "keyword"
            },
            "format" : {
              "type" : "text"
            },
            "identifier" : {
              "type" : "text"
            },
            "contributor" : {
              "type" : "text"
            },
            "coverage" : {
              "type" : "text"
            },
            "modifier" : {
              "type" : "text"
            },
            "creator_tool" : {
              "type" : "keyword"
            },
            "publisher" : {
              "type" : "text"
            },
            "relation" : {
              "type" : "text"
            },
            "rights" : {
              "type" : "text"
            },
            "source" : {
              "type" : "text"
            },
            "type" : {
              "type" : "text"
            },
            "description" : {
              "type" : "text"
            },
            "created" : {
              "type" : "date",
              "format" : "dateOptionalTime"
            },
            "print_date" : {
              "type" : "date",
              "format" : "dateOptionalTime"
            },
            "metadata_date" : {
              "type" : "date",
              "format" : "dateOptionalTime"
            },
            "latitude" : {
              "type" : "text"
            },
            "longitude" : {
              "type" : "text"
            },
            "altitude" : {
              "type" : "text"
            },
            "rating" : {
              "type" : "byte"
            },
            "comments" : {
              "type" : "text"
            }
          }
        },
        "path" : {
          "properties" : {
            "real" : {
              "type" : "keyword",
              "fields": {
                "tree": {
                  "type" : "text",
                  "analyzer": "esindexer_path",
                  "fielddata": true
                }
              }
            },
            "root" : {
              "type" : "keyword"
            },
            "virtual" : {
              "type" : "keyword",
              "fields": {
                "tree": {
                  "type" : "text",
                  "analyzer": "esindexer_path",
                  "fielddata": true
                }
              }
            }
          }
        }
      }
    }
  }
}
